{
	"credit": "Model created by Zorak Design - Contact me on discord for work: CesarZorak#0808",
	"parent": "minecraft:block/template/zk_block_crystal",
	"ambientocclusion": true,
	"textures": {
		"particle": "#block"
	},
	"elements": [
		{
			"from": [0, 0, 0],
			"to": [16, 16, 16],
			"faces": {
				"north": { "texture": "#block", "cullface": "north"},
				"east": { "texture": "#block", "cullface": "east"},
				"south": { "texture": "#block", "cullface": "south"},
				"west": { "texture": "#block", "cullface": "west"},
				"up": { "texture": "#block_top", "cullface": "up"},
				"down": { "texture": "#block_top", "cullface": "down"}
			}
		},
		{
			"name": "top",
			"from": [5.75, 15.75, 4.75],
			"to": [10.25, 20.25, 9.25],
			"shade": true,
			"rotation": {"angle": 0, "axis": "y", "origin": [6, 8, 10]},
			"faces": {
				"north": {"uv": [0, 5, 4, 9], "texture": "#crystal_ore", "cullface": "up"},
				"east": {"uv": [0, 5, 4, 9], "texture": "#crystal_ore", "cullface": "up"},
				"south": {"uv": [0, 5, 4, 9], "texture": "#crystal_ore", "cullface": "up"},
				"west": {"uv": [0, 5, 4, 9], "texture": "#crystal_ore", "cullface": "up"},
				"up": {"uv": [0, 0, 4, 4], "texture": "#crystal_ore", "cullface": "up"}
			}
		},
		{
			"name": "top",
			"from": [7.85, 15.85, 3.85],
			"to": [11.15, 19.15, 7.15],
			"shade": true,
			"rotation": {"angle": 45, "axis": "y", "origin": [6, 8, 10]},
			"faces": {
				"north": {"uv": [5, 4, 8, 7], "texture": "#crystal_ore", "cullface": "up"},
				"east": {"uv": [5, 4, 8, 7], "texture": "#crystal_ore", "cullface": "up"},
				"south": {"uv": [5, 4, 8, 7], "texture": "#crystal_ore", "cullface": "up"},
				"west": {"uv": [5, 4, 8, 7], "texture": "#crystal_ore", "cullface": "up"},
				"up": {"uv": [5, 0, 8, 3], "texture": "#crystal_ore", "cullface": "up"}
			}
		},
		{
			"name": "top",
			"from": [8, 16, 3],
			"to": [10, 20, 5],
			"shade": true,
			"rotation": {"angle": -22.5, "axis": "z", "origin": [8, 8, 9]},
			"faces": {
				"north": {"uv": [13, 3, 15, 7], "texture": "#crystal_ore", "cullface": "up"},
				"east": {"uv": [13, 3, 15, 7], "texture": "#crystal_ore", "cullface": "up"},
				"south": {"uv": [13, 3, 15, 7], "texture": "#crystal_ore", "cullface": "up"},
				"west": {"uv": [13, 3, 15, 7], "texture": "#crystal_ore", "cullface": "up"},
				"up": {"uv": [13, 0, 15, 2], "texture": "#crystal_ore", "cullface": "up"}
			}
		},
		{
			"name": "top",
			"from": [1.85, 15.85, 7.85],
			"to": [5.15, 18.15, 11.15],
			"shade": true,
			"rotation": {"angle": 45, "axis": "y", "origin": [8, 8, 9]},
			"faces": {
				"north": {"uv": [5, 4, 8, 6], "texture": "#crystal_ore", "cullface": "up"},
				"east": {"uv": [5, 4, 8, 6], "texture": "#crystal_ore", "cullface": "up"},
				"south": {"uv": [5, 4, 8, 6], "texture": "#crystal_ore", "cullface": "up"},
				"west": {"uv": [5, 4, 8, 6], "texture": "#crystal_ore", "cullface": "up"},
				"up": {"uv": [5, 0, 8, 3], "texture": "#crystal_ore", "cullface": "up"}
			}
		},
		{
			"name": "top",
			"from": [1.85, 15.85, 7.85],
			"to": [4.15, 17.15, 10.15],
			"shade": true,
			"rotation": {"angle": 0, "axis": "y", "origin": [8, 8, 9]},
			"faces": {
				"north": {"uv": [13, 3, 15, 4], "texture": "#crystal_ore", "cullface": "up"},
				"east": {"uv": [13, 3, 15, 4], "texture": "#crystal_ore", "cullface": "up"},
				"south": {"uv": [13, 3, 15, 4], "texture": "#crystal_ore", "cullface": "up"},
				"west": {"uv": [13, 3, 15, 4], "texture": "#crystal_ore", "cullface": "up"},
				"up": {"uv": [13, 0, 15, 2], "texture": "#crystal_ore", "cullface": "up"}
			}
		},
		{
			"name": "top",
			"from": [7.85, 15.85, 4.85],
			"to": [11.15, 21.15, 8.15],
			"shade": true,
			"rotation": {"angle": 22.5, "axis": "x", "origin": [7, 8, 7]},
			"faces": {
				"north": {"uv": [5, 4, 8, 9], "texture": "#crystal_ore", "cullface": "up"},
				"east": {"uv": [5, 4, 8, 9], "texture": "#crystal_ore", "cullface": "up"},
				"south": {"uv": [5, 4, 8, 9], "texture": "#crystal_ore", "cullface": "up"},
				"west": {"uv": [5, 4, 8, 9], "texture": "#crystal_ore", "cullface": "up"},
				"up": {"uv": [5, 0, 8, 3], "texture": "#crystal_ore", "cullface": "up"}
			}
		},
		{
			"name": "top",
			"from": [11, 14, 2],
			"to": [13, 19, 5],
			"shade": true,
			"rotation": {"angle": 45, "axis": "x", "origin": [7, 8, 7]},
			"faces": {
				"north": {"uv": [15, 3, 13, 8], "texture": "#crystal_ore", "cullface": "up"},
				"east": {"uv": [5, 4, 8, 9], "texture": "#crystal_ore", "cullface": "up"},
				"south": {"uv": [13, 3, 15, 8], "texture": "#crystal_ore", "cullface": "up"},
				"west": {"uv": [5, 4, 8, 9], "texture": "#crystal_ore", "cullface": "up"},
				"up": {"uv": [9, 0, 12, 2], "rotation": 90, "texture": "#crystal_ore", "cullface": "up"}
			}
		},
		{
			"name": "front",
			"from": [5.85, 9.85, -0.15],
			"to": [10.15, 17.15, 4.15],
			"shade": true,
			"rotation": {"angle": -45, "axis": "x", "origin": [8, 7, 8]},
			"faces": {
				"north": {"uv": [0, 5, 4, 12], "texture": "#crystal_ore", "cullface": "north"},
				"east": {"uv": [0, 5, 4, 12], "texture": "#crystal_ore", "cullface": "north"},
				"south": {"uv": [0, 5, 4, 12], "texture": "#crystal_ore", "cullface": "north"},
				"west": {"uv": [0, 5, 4, 12], "texture": "#crystal_ore", "cullface": "north"},
				"up": {"uv": [0, 0, 4, 4], "texture": "#crystal_ore", "cullface": "north"}
			}
		},
		{
			"name": "front",
			"from": [8.85, 8.85, -1.15],
			"to": [12.15, 14.15, 2.15],
			"shade": true,
			"rotation": {"angle": -45, "axis": "x", "origin": [8, 7, 8]},
			"faces": {
				"north": {"uv": [5, 4, 8, 9], "texture": "#crystal_ore", "cullface": "north"},
				"east": {"uv": [5, 4, 8, 9], "texture": "#crystal_ore", "cullface": "north"},
				"south": {"uv": [5, 4, 8, 9], "texture": "#crystal_ore", "cullface": "north"},
				"west": {"uv": [5, 4, 8, 9], "texture": "#crystal_ore", "cullface": "north"},
				"up": {"uv": [5, 0, 8, 3], "texture": "#crystal_ore", "cullface": "north"}
			}
		},
		{
			"name": "front",
			"from": [4, 12, 2],
			"to": [6, 16, 5],
			"shade": true,
			"rotation": {"angle": -45, "axis": "x", "origin": [8, 7, 8]},
			"faces": {
				"north": {"uv": [13, 3, 15, 7], "texture": "#crystal_ore", "cullface": "north"},
				"east": {"uv": [9, 3, 12, 7], "texture": "#crystal_ore", "cullface": "north"},
				"south": {"uv": [13, 3, 15, 7], "texture": "#crystal_ore", "cullface": "north"},
				"west": {"uv": [9, 3, 12, 7], "texture": "#crystal_ore", "cullface": "north"},
				"up": {"uv": [9, 0, 12, 2], "rotation": 90, "texture": "#crystal_ore", "cullface": "north"}
			}
		},
		{
			"name": "front",
			"from": [3, 6, -1],
			"to": [5, 11, 1],
			"shade": true,
			"rotation": {"angle": -22.5, "axis": "x", "origin": [7, 7, 8]},
			"faces": {
				"north": {"uv": [13, 3, 15, 8], "texture": "#crystal_ore", "cullface": "north"},
				"east": {"uv": [13, 3, 15, 8], "texture": "#crystal_ore", "cullface": "north"},
				"south": {"uv": [13, 3, 15, 8], "texture": "#crystal_ore", "cullface": "north"},
				"west": {"uv": [13, 3, 15, 8], "texture": "#crystal_ore", "cullface": "north"},
				"up": {"uv": [13, 0, 15, 2], "texture": "#crystal_ore", "cullface": "north"}
			}
		},
		{
			"name": "front",
			"from": [12, 9, 0],
			"to": [14, 14, 2],
			"shade": true,
			"rotation": {"angle": -22.5, "axis": "x", "origin": [8, 8, 8]},
			"faces": {
				"north": {"uv": [13, 3, 15, 8], "texture": "#crystal_ore", "cullface": "north"},
				"east": {"uv": [13, 3, 15, 8], "texture": "#crystal_ore", "cullface": "north"},
				"south": {"uv": [13, 3, 15, 8], "texture": "#crystal_ore", "cullface": "north"},
				"west": {"uv": [13, 3, 15, 8], "texture": "#crystal_ore", "cullface": "north"},
				"up": {"uv": [13, 0, 15, 2], "texture": "#crystal_ore", "cullface": "north"}
			}
		},
		{
			"name": "back",
			"from": [7.85, 9.85, 14.85],
			"to": [12.15, 17.15, 19.15],
			"shade": true,
			"rotation": {"angle": 45, "axis": "x", "origin": [8, 10, 8]},
			"faces": {
				"north": {"uv": [0, 5, 4, 12], "texture": "#crystal_ore", "cullface": "south"},
				"east": {"uv": [0, 5, 4, 12], "texture": "#crystal_ore", "cullface": "south"},
				"south": {"uv": [0, 5, 4, 12], "texture": "#crystal_ore", "cullface": "south"},
				"west": {"uv": [0, 5, 4, 12], "texture": "#crystal_ore", "cullface": "south"},
				"up": {"uv": [0, 0, 4, 4], "texture": "#crystal_ore", "cullface": "south"}
			}
		},
		{
			"name": "back",
			"from": [5.85, 8.85, 16.85],
			"to": [9.15, 14.15, 20.15],
			"shade": true,
			"rotation": {"angle": 45, "axis": "x", "origin": [8, 10, 8]},
			"faces": {
				"north": {"uv": [5, 4, 8, 9], "texture": "#crystal_ore", "cullface": "south"},
				"east": {"uv": [5, 4, 8, 9], "texture": "#crystal_ore", "cullface": "south"},
				"south": {"uv": [5, 4, 8, 9], "texture": "#crystal_ore", "cullface": "south"},
				"west": {"uv": [5, 4, 8, 9], "texture": "#crystal_ore", "cullface": "south"},
				"up": {"uv": [5, 0, 8, 3], "texture": "#crystal_ore", "cullface": "south"}
			}
		},
		{
			"name": "back",
			"from": [12, 6, 16],
			"to": [14, 12, 18],
			"shade": true,
			"rotation": {"angle": 22.5, "axis": "x", "origin": [8, 10, 8]},
			"faces": {
				"north": {"uv": [13, 3, 15, 9], "texture": "#crystal_ore", "cullface": "south"},
				"east": {"uv": [13, 3, 15, 9], "texture": "#crystal_ore", "cullface": "south"},
				"south": {"uv": [13, 3, 15, 9], "texture": "#crystal_ore", "cullface": "south"},
				"west": {"uv": [13, 3, 15, 9], "texture": "#crystal_ore", "cullface": "south"},
				"up": {"uv": [13, 0, 15, 2], "texture": "#crystal_ore", "cullface": "south"}
			}
		},
		{
			"name": "back",
			"from": [3.85, 13.85, 11.85],
			"to": [6.15, 19.15, 15.15],
			"shade": true,
			"rotation": {"angle": 45, "axis": "x", "origin": [8, 10, 8]},
			"faces": {
				"north": {"uv": [13, 3, 15, 8], "texture": "#crystal_ore", "cullface": "south"},
				"east": {"uv": [9, 3, 12, 8], "texture": "#crystal_ore", "cullface": "south"},
				"south": {"uv": [13, 3, 15, 8], "texture": "#crystal_ore", "cullface": "south"},
				"west": {"uv": [9, 3, 12, 8], "texture": "#crystal_ore", "cullface": "south"},
				"up": {"uv": [9, 0, 12, 2], "rotation": 90, "texture": "#crystal_ore", "cullface": "south"}
			}
		},
		{
			"name": "back",
			"from": [2, 13, 14],
			"to": [4, 18, 16],
			"shade": true,
			"rotation": {"angle": 45, "axis": "x", "origin": [8, 10, 8]},
			"faces": {
				"north": {"uv": [13, 3, 15, 8], "texture": "#crystal_ore", "cullface": "south"},
				"east": {"uv": [13, 3, 15, 8], "texture": "#crystal_ore", "cullface": "south"},
				"south": {"uv": [13, 3, 15, 8], "texture": "#crystal_ore", "cullface": "south"},
				"west": {"uv": [13, 3, 15, 8], "texture": "#crystal_ore", "cullface": "south"},
				"up": {"uv": [13, 0, 15, 2], "texture": "#crystal_ore", "cullface": "south"}
			}
		},
		{
			"name": "right",
			"from": [-2, 6, 3],
			"to": [2, 13, 7],
			"shade": true,
			"rotation": {"angle": 22.5, "axis": "z", "origin": [8, 10, 7]},
			"faces": {
				"north": {"uv": [0, 5, 4, 12], "texture": "#crystal_ore", "cullface": "west"},
				"east": {"uv": [0, 5, 4, 12], "texture": "#crystal_ore", "cullface": "west"},
				"south": {"uv": [0, 5, 4, 12], "texture": "#crystal_ore", "cullface": "west"},
				"west": {"uv": [0, 5, 4, 12], "texture": "#crystal_ore", "cullface": "west"},
				"up": {"uv": [0, 0, 4, 4], "texture": "#crystal_ore", "cullface": "west"}
			}
		},
		{
			"name": "right",
			"from": [-3, 10, 7],
			"to": [-1, 16, 9],
			"shade": true,
			"rotation": {"angle": 45, "axis": "z", "origin": [8, 10, 7]},
			"faces": {
				"north": {"uv": [13, 3, 15, 9], "texture": "#crystal_ore", "cullface": "west"},
				"east": {"uv": [13, 3, 15, 9], "texture": "#crystal_ore", "cullface": "west"},
				"south": {"uv": [13, 3, 15, 9], "texture": "#crystal_ore", "cullface": "west"},
				"west": {"uv": [13, 3, 15, 9], "texture": "#crystal_ore", "cullface": "west"},
				"up": {"uv": [13, 0, 15, 2], "texture": "#crystal_ore", "cullface": "west"}
			}
		},
		{
			"name": "right",
			"from": [-0.15, 12.85, 9.85],
			"to": [3.15, 18.15, 13.15],
			"shade": true,
			"rotation": {"angle": 45, "axis": "z", "origin": [8, 10, 7]},
			"faces": {
				"north": {"uv": [5, 4, 8, 9], "texture": "#crystal_ore", "cullface": "west"},
				"east": {"uv": [5, 4, 8, 9], "texture": "#crystal_ore", "cullface": "west"},
				"south": {"uv": [5, 4, 8, 9], "texture": "#crystal_ore", "cullface": "west"},
				"west": {"uv": [5, 4, 8, 9], "texture": "#crystal_ore", "cullface": "west"},
				"up": {"uv": [5, 0, 8, 3], "texture": "#crystal_ore", "cullface": "west"}
			}
		},
		{
			"name": "right",
			"from": [-1, 12, 12],
			"to": [2, 16, 14],
			"shade": true,
			"rotation": {"angle": 45, "axis": "z", "origin": [8, 10, 7]},
			"faces": {
				"north": {"uv": [9, 3, 12, 7], "texture": "#crystal_ore", "cullface": "west"},
				"east": {"uv": [13, 3, 15, 7], "texture": "#crystal_ore", "cullface": "west"},
				"south": {"uv": [9, 3, 12, 7], "texture": "#crystal_ore", "cullface": "west"},
				"west": {"uv": [13, 3, 15, 7], "texture": "#crystal_ore", "cullface": "west"},
				"up": {"uv": [9, 0, 12, 2], "texture": "#crystal_ore", "cullface": "west"}
			}
		},
		{
			"name": "left",
			"from": [12.85, 11.85, 4.85],
			"to": [17.15, 19.15, 9.15],
			"shade": true,
			"rotation": {"angle": -45, "axis": "z", "origin": [8, 10, 6]},
			"faces": {
				"north": {"uv": [0, 5, 4, 12], "texture": "#crystal_ore", "cullface": "east"},
				"east": {"uv": [0, 5, 4, 12], "texture": "#crystal_ore", "cullface": "east"},
				"south": {"uv": [0, 5, 4, 12], "texture": "#crystal_ore", "cullface": "east"},
				"west": {"uv": [0, 5, 4, 12], "texture": "#crystal_ore", "cullface": "east"},
				"up": {"uv": [0, 0, 4, 4], "texture": "#crystal_ore", "cullface": "east"}
			}
		},
		{
			"name": "left",
			"from": [13, 13, 9],
			"to": [16, 18, 11],
			"shade": true,
			"rotation": {"angle": -45, "axis": "z", "origin": [8, 10, 6]},
			"faces": {
				"north": {"uv": [9, 3, 12, 8], "texture": "#crystal_ore", "cullface": "east"},
				"east": {"uv": [13, 3, 15, 8], "texture": "#crystal_ore", "cullface": "east"},
				"south": {"uv": [9, 3, 12, 8], "texture": "#crystal_ore", "cullface": "east"},
				"west": {"uv": [13, 3, 15, 8], "texture": "#crystal_ore", "cullface": "east"},
				"up": {"uv": [9, 0, 12, 2], "texture": "#crystal_ore", "cullface": "east"}
			}
		},
		{
			"name": "left",
			"from": [14, 9, 2],
			"to": [17, 14, 5],
			"shade": true,
			"rotation": {"angle": -22.5, "axis": "z", "origin": [8, 10, 6]},
			"faces": {
				"north": {"uv": [5, 4, 8, 9], "texture": "#crystal_ore", "cullface": "east"},
				"east": {"uv": [5, 4, 8, 9], "texture": "#crystal_ore", "cullface": "east"},
				"south": {"uv": [5, 4, 8, 9], "texture": "#crystal_ore", "cullface": "east"},
				"west": {"uv": [5, 4, 8, 9], "texture": "#crystal_ore", "cullface": "east"},
				"up": {"uv": [5, 0, 8, 3], "texture": "#crystal_ore", "cullface": "east"}
			}
		},
		{
			"name": "left",
			"from": [17, 9, 10],
			"to": [20, 14, 13],
			"shade": true,
			"rotation": {"angle": -45, "axis": "z", "origin": [8, 10, 9]},
			"faces": {
				"north": {"uv": [5, 4, 8, 9], "texture": "#crystal_ore", "cullface": "east"},
				"east": {"uv": [5, 4, 8, 9], "texture": "#crystal_ore", "cullface": "east"},
				"south": {"uv": [5, 4, 8, 9], "texture": "#crystal_ore", "cullface": "east"},
				"west": {"uv": [5, 4, 8, 9], "texture": "#crystal_ore", "cullface": "east"},
				"up": {"uv": [5, 0, 8, 3], "texture": "#crystal_ore", "cullface": "east"}
			}
		},
		{
			"name": "left",
			"from": [16, 7, 12],
			"to": [18, 13, 14],
			"shade": true,
			"rotation": {"angle": -22.5, "axis": "z", "origin": [8, 10, 9]},
			"faces": {
				"north": {"uv": [13, 3, 15, 9], "texture": "#crystal_ore", "cullface": "east"},
				"east": {"uv": [13, 3, 15, 9], "texture": "#crystal_ore", "cullface": "east"},
				"south": {"uv": [13, 3, 15, 9], "texture": "#crystal_ore", "cullface": "east"},
				"west": {"uv": [13, 3, 15, 9], "texture": "#crystal_ore", "cullface": "east"},
				"up": {"uv": [13, 0, 15, 2], "texture": "#crystal_ore", "cullface": "east"}
			}
		},
		{
			"name": "down",
			"from": [5.85, -7.15, 4.85],
			"to": [10.15, 0.15, 9.15],
			"shade": true,
			"rotation": {"angle": 22.5, "axis": "y", "origin": [9, 8, 8]},
			"faces": {
				"north": {"uv": [0, 12, 4, 5], "texture": "#crystal_ore", "cullface": "down"},
				"east": {"uv": [0, 12, 4, 5], "texture": "#crystal_ore", "cullface": "down"},
				"south": {"uv": [0, 12, 4, 5], "texture": "#crystal_ore", "cullface": "down"},
				"west": {"uv": [0, 12, 4, 5], "texture": "#crystal_ore", "cullface": "down"},
				"down": {"uv": [0, 0, 4, 4], "texture": "#crystal_ore", "cullface": "down"}
			}
		},
		{
			"name": "down",
			"from": [9.85, -5.15, 9.85],
			"to": [13.15, 0.15, 13.15],
			"shade": true,
			"rotation": {"angle": 0, "axis": "y", "origin": [9, 8, 8]},
			"faces": {
				"north": {"uv": [5, 9, 8, 4], "texture": "#crystal_ore", "cullface": "down"},
				"east": {"uv": [5, 9, 8, 4], "texture": "#crystal_ore", "cullface": "down"},
				"south": {"uv": [5, 9, 8, 4], "texture": "#crystal_ore", "cullface": "down"},
				"west": {"uv": [5, 9, 8, 4], "texture": "#crystal_ore", "cullface": "down"},
				"down": {"uv": [5, 0, 8, 3], "texture": "#crystal_ore", "cullface": "down"}
			}
		},
		{
			"name": "down",
			"from": [7.85, -6.15, 3.85],
			"to": [10.15, 0.15, 6.15],
			"shade": true,
			"rotation": {"angle": -45, "axis": "y", "origin": [9, 8, 8]},
			"faces": {
				"north": {"uv": [13, 9, 15, 3], "texture": "#crystal_ore", "cullface": "down"},
				"east": {"uv": [13, 9, 15, 3], "texture": "#crystal_ore", "cullface": "down"},
				"south": {"uv": [13, 9, 15, 3], "texture": "#crystal_ore", "cullface": "down"},
				"west": {"uv": [13, 9, 15, 3], "texture": "#crystal_ore", "cullface": "down"},
				"down": {"uv": [13, 0, 15, 2], "texture": "#crystal_ore", "cullface": "down"}
			}
		},
		{
			"name": "down",
			"from": [7.85, -4.15, 12.85],
			"to": [10.15, 0.15, 15.15],
			"shade": true,
			"rotation": {"angle": -45, "axis": "y", "origin": [8, 8, 8]},
			"faces": {
				"north": {"uv": [13, 7, 15, 3], "texture": "#crystal_ore", "cullface": "down"},
				"east": {"uv": [13, 7, 15, 3], "texture": "#crystal_ore", "cullface": "down"},
				"south": {"uv": [13, 7, 15, 3], "texture": "#crystal_ore", "cullface": "down"},
				"west": {"uv": [13, 7, 15, 3], "texture": "#crystal_ore", "cullface": "down"},
				"down": {"uv": [13, 0, 15, 2], "texture": "#crystal_ore", "cullface": "down"}
			}
		},
		{
			"name": "down",
			"from": [6.85, -2.15, 1.85],
			"to": [10.15, 0.15, 5.15],
			"shade": true,
			"rotation": {"angle": 0, "axis": "y", "origin": [8, 8.1, 8]},
			"faces": {
				"north": {"uv": [9, 5, 12, 3], "texture": "#crystal_ore", "cullface": "down"},
				"east": {"uv": [9, 5, 12, 3], "texture": "#crystal_ore", "cullface": "down"},
				"south": {"uv": [9, 5, 12, 3], "texture": "#crystal_ore", "cullface": "down"},
				"west": {"uv": [9, 5, 12, 3], "texture": "#crystal_ore", "cullface": "down"},
				"down": {"uv": [5, 0, 8, 3], "texture": "#crystal_ore", "cullface": "down"}
			}
		},
		{
			"name": "down",
			"from": [2.85, -3.15, 10.85],
			"to": [6.15, 0.15, 14.15],
			"shade": true,
			"rotation": {"angle": -22.5, "axis": "y", "origin": [9, 8, 8]},
			"faces": {
				"north": {"uv": [5, 7, 8, 4], "texture": "#crystal_ore", "cullface": "down"},
				"east": {"uv": [5, 7, 8, 4], "texture": "#crystal_ore", "cullface": "down"},
				"south": {"uv": [5, 7, 8, 4], "texture": "#crystal_ore", "cullface": "down"},
				"west": {"uv": [5, 7, 8, 4], "texture": "#crystal_ore", "cullface": "down"},
				"down": {"uv": [5, 0, 8, 3], "texture": "#crystal_ore", "cullface": "down"}
			}
		}
	],
	"groups": [
		0,
		{
			"name": "ore",
			"origin": [8, 8, 8],
			"color": 9,
			"shade": true,
			"children": [1, 2, 3, 4, 5, 6, 7, 8, 9, 10, 11, 12, 13, 14, 15, 16, 17, 18, 19, 20, 21, 22, 23, 24, 25, 26, 27, 28, 29, 30, 31, 32]
		}
	]
}